City_ID,City,Lat,Lng,Max Temp,Humidity,Cloudiness,Wind Speed,Country,Date
0,New Norfolk,-42.78,147.06,55.4,62,90,8.05,AU,2020-10-31 17:36:00
1,Esperance,-33.87,121.9,73.4,28,100,14.99,AU,2020-10-31 17:33:55
2,Zarechnyy,53.2,45.19,42.98,84,94,3.69,RU,2020-10-31 17:43:46
3,Kiama,-34.68,150.87,62.01,93,70,3.0,AU,2020-10-31 17:43:46
4,Carnarvon,-24.87,113.63,68.0,88,40,5.82,AU,2020-10-31 17:37:07
5,Punta Arenas,-53.15,-70.92,53.6,66,0,2.24,CL,2020-10-31 17:37:57
6,Monteagudo,-19.82,-63.98,82.4,26,20,3.36,BO,2020-10-31 17:43:46
7,Lompoc,34.64,-120.46,62.6,62,1,5.82,US,2020-10-31 17:37:37
8,Hermanus,-34.42,19.23,61.0,70,0,4.0,ZA,2020-10-31 17:36:47
9,Kodiak,57.79,-152.41,32.0,88,1,8.05,US,2020-10-31 17:38:00
10,Umtata,-31.59,28.78,55.4,93,90,10.29,ZA,2020-10-31 17:43:46
11,Cherskiy,68.75,161.3,8.15,88,92,3.49,RU,2020-10-31 17:33:55
12,Bluff,-46.6,168.33,46.99,81,38,5.01,NZ,2020-10-31 17:35:54
13,Cidreira,-30.18,-50.21,67.46,62,93,9.64,BR,2020-10-31 17:38:26
14,Khani,41.96,42.96,62.6,72,75,4.7,GE,2020-10-31 17:43:47
15,Ostersund,63.18,14.64,37.4,93,71,8.05,SE,2020-10-31 17:40:06
16,Aljezur,37.32,-8.8,65.48,69,34,7.05,PT,2020-10-31 17:43:47
17,East London,-33.02,27.91,64.4,72,20,6.93,ZA,2020-10-31 17:36:25
18,Ejea De Los Caballeros,42.13,-1.14,60.8,63,18,6.93,ES,2020-10-31 17:43:47
19,Busselton,-33.65,115.33,62.01,73,100,10.2,AU,2020-10-31 17:36:05
20,Leningradskiy,69.38,178.42,18.46,92,92,10.18,RU,2020-10-31 17:37:04
21,Vaini,-21.2,-175.2,71.6,94,75,9.17,TO,2020-10-31 17:33:44
22,Leh,34.17,77.58,30.85,69,19,1.9,IN,2020-10-31 17:43:47
23,Vila Franca Do Campo,37.72,-25.43,69.8,94,75,19.46,PT,2020-10-31 17:33:53
24,Butaritari,3.07,172.79,81.39,75,68,16.35,KI,2020-10-31 17:36:27
25,Bethel,41.37,-73.41,43.0,52,1,3.36,US,2020-10-31 17:36:34
26,Senanga,-16.12,23.27,83.39,17,24,7.83,ZM,2020-10-31 17:38:18
27,Nikolskoye,59.7,30.79,39.99,86,20,4.27,RU,2020-10-31 17:32:56
28,Grindavik,63.84,-22.43,41.0,86,75,9.17,IS,2020-10-31 17:43:47
29,Cape Town,-33.93,18.42,64.99,59,0,19.46,ZA,2020-10-31 17:35:20
30,Qaanaaq,77.48,-69.36,10.22,85,95,7.25,GL,2020-10-31 17:37:56
31,Nelson Bay,-32.72,152.15,55.99,93,4,6.93,AU,2020-10-31 17:43:48
32,Ushuaia,-54.8,-68.3,55.4,58,75,5.82,AR,2020-10-31 17:36:01
33,Barrow,71.29,-156.79,26.6,68,90,9.17,US,2020-10-31 17:33:54
34,Upernavik,72.79,-56.15,16.14,94,72,12.62,GL,2020-10-31 17:33:47
35,Castro,-24.79,-50.01,61.52,76,99,7.34,BR,2020-10-31 17:37:57
36,Ribeira Grande,38.52,-28.7,71.6,88,40,18.34,PT,2020-10-31 17:33:44
37,Hobart,-42.88,147.33,55.4,62,90,8.05,AU,2020-10-31 17:34:54
38,Narsaq,60.92,-46.05,28.4,68,40,3.36,GL,2020-10-31 17:34:05
39,Tiksi,71.69,128.87,0.7,93,65,4.36,RU,2020-10-31 17:33:54
40,Rikitea,-23.12,-134.97,75.09,70,6,7.58,PF,2020-10-31 17:37:55
41,Constitucion,-35.33,-72.42,66.72,56,1,5.37,CL,2020-10-31 17:38:13
42,Hilo,19.73,-155.09,75.99,69,20,6.93,US,2020-10-31 17:37:59
43,Saint-Pierre,-21.34,55.48,68.0,64,75,6.93,RE,2020-10-31 17:43:48
44,Kulachi,31.93,70.46,69.55,21,0,4.5,PK,2020-10-31 17:43:48
45,Chapais,49.78,-74.85,28.4,58,1,13.87,CA,2020-10-31 17:38:13
46,Albany,42.6,-73.97,44.01,68,0,4.59,US,2020-10-31 17:37:20
47,Kloulklubed,7.04,134.26,82.4,78,90,10.29,PW,2020-10-31 17:43:49
48,Mishkino,55.34,63.92,35.4,86,93,9.71,RU,2020-10-31 17:43:49
49,Paidha,2.42,30.99,62.01,89,62,4.72,UG,2020-10-31 17:43:49
50,Kashi,39.45,75.98,41.0,30,0,11.18,CN,2020-10-31 17:43:49
51,Bambous Virieux,-20.34,57.76,69.8,73,40,6.93,MU,2020-10-31 17:34:22
52,Atuona,-9.8,-139.03,78.31,76,15,18.48,PF,2020-10-31 17:35:55
53,Ploemeur,47.73,-3.43,54.0,81,90,5.82,FR,2020-10-31 17:43:49
54,Kidal,18.44,1.41,84.78,14,11,10.87,ML,2020-10-31 17:43:49
55,Den Helder,52.96,4.76,55.4,87,90,19.46,NL,2020-10-31 17:37:21
56,Coquimbo,-29.95,-71.34,57.2,76,75,9.17,CL,2020-10-31 17:37:04
57,Severomuysk,56.15,113.43,2.32,93,96,4.92,RU,2020-10-31 17:38:22
58,Port Alfred,-33.59,26.89,65.23,75,87,15.39,ZA,2020-10-31 17:37:55
59,Port Elizabeth,-33.92,25.57,62.6,82,75,3.36,ZA,2020-10-31 17:36:01
60,Pitiquito,30.7,-112.08,81.0,33,85,1.01,MX,2020-10-31 17:40:39
61,Ostrovnoy,68.05,39.51,26.76,95,10,12.5,RU,2020-10-31 17:38:24
62,Bredasdorp,-34.53,20.04,60.8,59,0,9.17,ZA,2020-10-31 17:37:56
63,Praia,14.92,-23.51,82.4,65,75,21.92,CV,2020-10-31 17:43:50
64,Lock Haven,41.14,-77.45,43.0,53,1,8.01,US,2020-10-31 17:43:50
65,Mongu,-15.25,23.13,82.42,17,0,6.64,ZM,2020-10-31 17:43:50
66,Georgetown,5.41,100.34,75.2,94,40,3.36,MY,2020-10-31 17:36:08
67,Ouango,4.31,22.56,73.58,91,49,2.42,CF,2020-10-31 17:43:50
68,Charters Towers,-20.1,146.27,70.21,90,0,0.96,AU,2020-10-31 17:43:50
69,Baykit,61.67,96.37,1.02,89,28,2.62,RU,2020-10-31 17:38:22
70,Kapaa,22.08,-159.32,69.8,88,1,3.36,US,2020-10-31 17:37:55
71,Luwuk,-0.95,122.79,77.56,72,99,4.12,ID,2020-10-31 17:43:50
72,Yenagoa,4.92,6.26,77.94,88,85,5.44,NG,2020-10-31 17:33:44
73,Aksu,41.12,80.26,42.33,59,0,3.18,CN,2020-10-31 17:38:12
74,Arraial Do Cabo,-22.97,-42.03,69.8,94,90,5.82,BR,2020-10-31 17:38:07
75,Talcahuano,-36.72,-73.12,57.2,82,90,10.29,CL,2020-10-31 17:43:50
76,Lebu,-37.62,-73.65,60.53,64,8,10.96,CL,2020-10-31 17:38:11
77,Vila Do Maio,15.13,-23.22,82.4,65,75,21.92,CV,2020-10-31 17:43:51
78,Riyadh,24.69,46.72,75.2,33,0,4.7,SA,2020-10-31 17:34:41
79,Kruisfontein,-34.0,24.73,63.0,76,44,1.01,ZA,2020-10-31 17:33:10
80,Sindou,10.67,-5.17,82.63,34,15,1.23,BF,2020-10-31 17:43:51
81,Avarua,-21.21,-159.78,71.6,88,100,12.75,CK,2020-10-31 17:35:57
82,Yumen,40.28,97.2,34.57,65,73,12.08,CN,2020-10-31 17:43:51
83,Puerto Ayora,-0.74,-90.35,75.2,73,75,11.41,EC,2020-10-31 17:36:52
84,Port Augusta,-32.5,137.77,55.4,82,0,6.93,AU,2020-10-31 17:38:07
85,Dikson,73.51,80.55,17.22,97,100,13.73,RU,2020-10-31 17:37:01
86,Jamestown,42.1,-79.24,42.01,64,90,10.29,US,2020-10-31 17:37:58
87,Norman Wells,65.28,-126.83,-4.0,83,20,4.7,CA,2020-10-31 17:33:49
88,Vengerovo,55.68,76.75,32.59,93,30,10.92,RU,2020-10-31 17:43:51
89,Dom Pedro,-4.48,-44.45,101.17,27,95,2.19,BR,2020-10-31 17:43:51
90,Souillac,-20.52,57.52,69.8,73,40,6.93,MU,2020-10-31 17:33:22
91,Dubovka,49.06,44.83,53.6,81,75,8.95,RU,2020-10-31 17:43:52
92,Ekhabi,53.51,142.97,33.94,91,96,7.29,RU,2020-10-31 17:43:52
93,Sorland,67.67,12.69,47.14,79,18,18.92,NO,2020-10-31 17:38:24
94,Mataura,-46.19,168.86,46.99,81,3,5.01,NZ,2020-10-31 17:37:58
95,Hamilton,39.18,-84.53,55.0,53,1,10.29,US,2020-10-31 17:36:33
96,Brae,60.4,-1.35,53.6,93,100,34.45,GB,2020-10-31 17:36:20
97,Teguise,29.06,-13.56,77.0,73,0,13.87,ES,2020-10-31 17:43:52
98,Airai,-8.93,125.41,60.37,79,18,1.41,TL,2020-10-31 17:34:36
99,Saskylakh,71.92,114.08,-4.85,83,1,6.2,RU,2020-10-31 17:38:15
100,Morondava,-20.28,44.28,79.83,70,24,8.99,MG,2020-10-31 17:38:03
101,Neiafu,-18.65,-173.98,75.2,94,20,9.17,TO,2020-10-31 17:43:52
102,Balkanabat,39.51,54.37,67.93,24,25,6.29,TM,2020-10-31 17:43:52
103,Komsomolskiy,40.43,71.72,42.8,38,0,6.93,UZ,2020-10-31 17:33:36
104,Launceston,-41.45,147.17,50.0,93,40,10.29,AU,2020-10-31 17:43:52
105,Alofi,-19.06,-169.92,73.4,94,81,10.29,NU,2020-10-31 17:38:07
106,Geraldton,-28.77,114.6,68.0,77,40,13.87,AU,2020-10-31 17:38:17
107,Saint-Philippe,-21.36,55.77,68.0,64,0,5.82,RE,2020-10-31 17:38:05
108,Ponta Do Sol,32.67,-17.1,71.6,83,20,12.75,PT,2020-10-31 17:36:08
109,Nyandoma,61.67,40.2,28.33,98,12,2.57,RU,2020-10-31 17:43:53
110,Nome,64.5,-165.41,14.0,78,1,4.7,US,2020-10-31 17:38:22
111,Meulaboh,4.14,96.13,78.33,83,100,3.51,ID,2020-10-31 17:37:58
112,Ancud,-41.87,-73.82,70.0,52,0,6.93,CL,2020-10-31 17:37:09
113,Khatanga,71.97,102.5,-7.46,87,94,7.67,RU,2020-10-31 17:38:00
114,Zhigansk,66.77,123.37,-8.01,90,88,1.81,RU,2020-10-31 17:38:25
115,Sitka,57.05,-135.33,50.0,87,90,23.04,US,2020-10-31 17:36:18
116,Puerto Del Rosario,28.5,-13.86,77.0,61,0,13.87,ES,2020-10-31 17:43:53
117,Ketchikan,55.34,-131.65,48.2,100,90,23.04,US,2020-10-31 17:38:09
118,Stokke,59.22,10.3,45.0,100,90,3.36,NO,2020-10-31 17:43:53
119,Torbay,47.67,-52.73,37.0,74,90,16.11,CA,2020-10-31 17:35:15
120,Njombe,-9.33,34.77,56.7,86,28,4.45,TZ,2020-10-31 17:43:53
121,Kenai,60.55,-151.26,8.6,78,1,9.17,US,2020-10-31 17:43:53
122,Wembley,-31.93,115.8,64.99,77,75,10.29,AU,2020-10-31 17:40:21
123,Provideniya,64.38,-173.3,21.22,87,95,6.73,RU,2020-10-31 17:37:57
124,Olinda,-8.01,-34.86,84.2,70,40,12.75,BR,2020-10-31 17:36:48
125,Tiznit,29.58,-9.5,73.53,24,0,3.13,MA,2020-10-31 17:43:54
126,Chuy,-33.7,-53.46,64.47,62,43,9.24,UY,2020-10-31 17:33:53
127,Phalodi,27.13,72.37,74.55,18,0,3.78,IN,2020-10-31 17:43:54
128,Mahebourg,-20.41,57.7,69.8,73,40,6.93,MU,2020-10-31 17:34:14
129,Port-Gentil,-0.72,8.78,82.4,78,40,12.75,GA,2020-10-31 17:34:30
130,Lagoa,39.05,-27.98,68.56,93,70,24.63,PT,2020-10-31 17:43:54
131,Walvis Bay,-22.96,14.51,64.4,59,61,8.05,NA,2020-10-31 17:43:54
132,Dingle,11.0,122.67,75.65,83,100,6.6,PH,2020-10-31 17:38:10
133,Lasa,46.62,10.7,50.0,40,20,6.93,IT,2020-10-31 17:43:54
134,Caravelas,-17.71,-39.25,73.71,95,100,1.95,BR,2020-10-31 17:43:54
135,Acajutla,13.59,-89.83,86.0,58,20,2.24,SV,2020-10-31 17:43:55
136,Nalut,30.33,10.85,64.04,41,0,9.42,LY,2020-10-31 17:43:55
137,Solnechnyy,50.72,136.63,34.05,91,100,5.59,RU,2020-10-31 17:40:12
138,Pevek,69.7,170.31,12.78,96,99,10.04,RU,2020-10-31 17:33:15
139,Beyneu,45.32,55.2,48.58,56,93,16.98,KZ,2020-10-31 17:43:55
140,Melville,40.79,-73.42,48.0,52,1,4.7,US,2020-10-31 17:42:00
141,Taoudenni,22.68,-3.98,84.07,14,100,7.83,ML,2020-10-31 17:38:17
142,Mount Gambier,-37.83,140.77,42.8,100,90,1.12,AU,2020-10-31 17:38:06
143,Lorengau,-2.02,147.27,80.96,77,13,5.26,PG,2020-10-31 17:33:45
144,Kyzyl-Suu,42.34,78.01,36.09,61,0,9.08,KG,2020-10-31 17:43:55
145,Rwamagana,-1.95,30.43,66.2,82,20,3.36,RW,2020-10-31 17:43:55
146,Yongchang,30.04,119.73,62.01,86,28,1.01,CN,2020-10-31 17:43:56
147,Semey,50.41,80.23,34.65,85,0,6.15,KZ,2020-10-31 17:43:56
148,Singaraja,-8.11,115.09,79.63,70,95,2.91,ID,2020-10-31 17:43:56
149,Serebryansk,49.69,83.29,30.2,100,4,2.98,KZ,2020-10-31 17:43:56
150,Clyde River,70.47,-68.59,15.8,92,90,12.75,CA,2020-10-31 17:33:12
151,Guerrero Negro,27.98,-114.06,77.58,36,36,5.17,MX,2020-10-31 17:38:20
152,Saint George,37.1,-113.58,53.6,25,1,1.63,US,2020-10-31 17:42:18
153,Tuktoyaktuk,69.45,-133.04,-5.8,83,40,5.82,CA,2020-10-31 17:34:06
154,Wasilla,61.58,-149.44,6.8,84,1,3.36,US,2020-10-31 17:43:56
155,Sharkan,57.3,53.87,37.0,93,100,5.99,RU,2020-10-31 17:43:56
156,Kashan,33.98,51.44,60.42,32,0,2.01,IR,2020-10-31 17:43:56
157,Pran Buri,12.38,99.91,77.61,84,80,4.27,TH,2020-10-31 17:43:56
158,Aswan,24.09,32.91,81.64,28,0,11.39,EG,2020-10-31 17:36:24
159,Machado,-21.67,-45.92,66.81,76,100,5.14,BR,2020-10-31 17:43:57
160,Manacor,39.57,3.21,68.0,72,0,2.24,ES,2020-10-31 17:43:57
161,Korfovskiy,48.22,135.06,41.0,75,75,6.71,RU,2020-10-31 17:38:23
162,Ankazobe,-18.32,47.12,59.0,77,20,9.17,MG,2020-10-31 17:43:57
163,Filingue,14.35,3.32,91.17,12,0,7.61,NE,2020-10-31 17:43:57
164,Ilulissat,69.22,-51.1,17.6,67,75,6.93,GL,2020-10-31 17:38:08
165,Sydney,-33.87,151.21,59.0,87,75,10.29,AU,2020-10-31 17:41:34
166,Upata,8.01,-62.4,93.0,61,10,3.0,VE,2020-10-31 17:43:57
167,Hovd,48.01,91.64,27.0,85,0,1.81,MN,2020-10-31 17:38:29
168,Kavaratti,10.57,72.64,82.8,66,64,2.24,IN,2020-10-31 17:34:19
169,Thompson,55.74,-97.86,15.8,78,90,19.46,CA,2020-10-31 17:36:52
170,Minab,27.15,57.08,71.6,68,0,6.93,IR,2020-10-31 17:43:57
171,Chambersburg,39.94,-77.66,51.01,53,51,1.99,US,2020-10-31 17:43:57
172,Kita,13.03,-9.49,87.15,25,49,4.5,ML,2020-10-31 17:43:57
173,Laguna,38.42,-121.42,59.0,47,1,4.18,US,2020-10-31 17:36:27
174,Umm Kaddadah,13.6,26.69,88.72,18,0,9.84,SD,2020-10-31 17:43:58
175,San Carlos De Bariloche,-41.15,-71.31,73.83,24,0,6.22,AR,2020-10-31 17:41:13
176,Lima,-12.04,-77.03,68.0,72,40,8.05,PE,2020-10-31 17:39:20
177,Umm Lajj,25.02,37.27,78.87,71,0,4.21,SA,2020-10-31 17:43:58
178,Mapiripan,2.89,-72.13,91.74,53,82,5.21,CO,2020-10-31 17:43:58
179,Dryden,49.78,-92.75,39.2,90,90,14.99,CA,2020-10-31 17:41:33
180,Volot,57.93,30.7,41.58,86,71,3.78,RU,2020-10-31 17:43:58
181,Samarai,-10.62,150.67,80.55,84,72,9.31,PG,2020-10-31 17:36:07
182,Katsuura,35.13,140.3,53.6,71,0,8.05,JP,2020-10-31 17:38:01
183,Bayshore Gardens,27.43,-82.59,82.0,65,90,12.75,US,2020-10-31 17:43:58
184,Sola,-13.88,167.55,80.82,81,49,21.45,VU,2020-10-31 17:43:58
185,Arlit,18.74,7.39,84.36,16,0,19.1,NE,2020-10-31 17:43:58
186,Mastic Beach,40.77,-72.85,46.99,42,1,4.7,US,2020-10-31 17:43:58
187,Santa Rosa,14.31,121.11,80.6,78,75,3.36,PH,2020-10-31 17:43:58
188,Svetlaya,46.54,138.33,40.87,69,100,3.69,RU,2020-10-31 17:43:59
189,Uruguaiana,-29.75,-57.09,77.0,41,20,23.04,BR,2020-10-31 17:43:59
190,Padang,-0.95,100.35,78.08,75,100,4.03,ID,2020-10-31 17:38:16
191,Urumqi,43.8,87.6,39.2,55,0,4.47,CN,2020-10-31 17:43:59
192,Yellowknife,62.46,-114.35,19.99,85,90,17.22,CA,2020-10-31 17:34:46
193,Ogbomosho,8.13,4.25,91.4,33,0,12.75,NG,2020-10-31 17:43:59
194,San Quintin,30.48,-115.95,74.37,41,77,5.44,MX,2020-10-31 17:37:51
195,Vilshofen,48.63,13.18,51.01,100,100,2.39,DE,2020-10-31 17:43:59
196,Mar Del Plata,-38.0,-57.56,71.6,37,0,5.82,AR,2020-10-31 17:35:41
197,Tasiilaq,65.61,-37.64,32.0,97,75,4.7,GL,2020-10-31 17:35:25
198,Karratha,-20.74,116.85,70.0,83,0,10.92,AU,2020-10-31 17:43:59
199,Ngunguru,-35.62,174.5,57.0,96,14,6.31,NZ,2020-10-31 17:38:28
200,Seguela,7.96,-6.67,81.46,65,20,3.53,CI,2020-10-31 17:43:59
201,Bengkulu,-3.8,102.27,76.59,87,100,3.49,ID,2020-10-31 17:33:47
202,Mumford,5.26,-0.76,79.75,84,14,8.86,GH,2020-10-31 17:40:18
203,Cayenne,4.93,-52.33,89.6,62,75,12.75,GF,2020-10-31 17:38:00
204,Linxia,35.6,103.21,40.19,67,91,2.46,CN,2020-10-31 17:43:36
205,La Sarre,48.8,-79.2,31.57,90,47,12.93,CA,2020-10-31 17:39:26
206,Kulhudhuffushi,6.62,73.07,83.43,69,99,6.22,MV,2020-10-31 17:43:59
207,Sao Filipe,14.9,-24.5,81.86,60,64,14.2,CV,2020-10-31 17:33:48
208,Mormugao,15.4,73.8,80.6,88,40,4.7,IN,2020-10-31 17:44:00
209,Noumea,-22.28,166.46,77.0,57,0,8.05,NC,2020-10-31 17:44:00
210,Sao Paulo De Olivenca,-3.38,-68.87,75.88,93,100,3.69,BR,2020-10-31 17:44:00
211,San Patricio,28.02,-97.52,75.99,53,20,5.82,US,2020-10-31 17:36:09
212,Henties Bay,-22.12,14.28,57.0,86,26,4.0,NA,2020-10-31 17:44:00
213,Minot,48.23,-101.3,39.2,48,90,32.21,US,2020-10-31 17:44:00
214,Shumskiy,54.83,99.13,17.91,87,83,4.54,RU,2020-10-31 17:44:00
215,Smithers,54.78,-127.17,32.0,88,90,3.36,CA,2020-10-31 17:38:05
216,Avera,33.19,-82.53,62.6,59,90,8.05,US,2020-10-31 17:44:00
217,Amboasary,-25.03,46.38,71.6,88,20,21.92,MG,2020-10-31 17:44:00
218,Cabo San Lucas,22.89,-109.91,86.0,61,40,4.7,MX,2020-10-31 17:34:19
219,Vila,42.03,-8.16,60.01,92,100,5.01,PT,2020-10-31 17:44:00
220,Inuvik,68.35,-133.72,-0.4,84,70,3.36,CA,2020-10-31 17:42:39
221,Nanortalik,60.14,-45.24,28.65,90,7,17.83,GL,2020-10-31 17:37:27
222,Irupi,-20.35,-41.64,63.9,90,100,4.74,BR,2020-10-31 17:44:01
223,Tabou,4.42,-7.35,79.3,83,66,6.33,CI,2020-10-31 17:38:18
224,Wick,58.43,-3.08,53.6,66,77,32.21,GB,2020-10-31 17:44:01
225,Hambantota,6.12,81.12,79.75,81,29,12.41,LK,2020-10-31 17:33:09
226,Gamba,-2.65,10.0,77.52,88,99,6.87,GA,2020-10-31 17:38:10
227,Arbagar,51.94,116.28,26.47,96,100,3.36,RU,2020-10-31 17:44:01
228,Kudahuvadhoo,2.67,72.89,83.32,71,40,5.21,MV,2020-10-31 17:36:17
229,Agnibilekrou,7.13,-3.2,80.44,67,64,1.43,CI,2020-10-31 17:44:01
230,Kyra,49.58,111.98,23.11,85,51,8.77,RU,2020-10-31 17:44:01
231,Vardo,70.37,31.11,35.87,85,75,22.03,NO,2020-10-31 17:38:11
232,Takoradi,4.88,-1.76,79.83,83,27,7.0,GH,2020-10-31 17:44:01
233,Yamethin,20.43,96.15,75.33,87,82,2.01,MM,2020-10-31 17:44:01
234,Ust-Koksa,50.27,85.61,22.48,89,9,1.07,RU,2020-10-31 17:37:57
235,Berlevag,70.86,29.09,32.95,91,86,11.3,NO,2020-10-31 17:37:58
236,Stromness,58.97,-3.3,53.6,76,82,34.45,GB,2020-10-31 17:44:02
237,Liku,-0.73,119.89,74.86,82,80,2.13,ID,2020-10-31 17:44:02
238,Whitehorse,60.72,-135.05,12.99,85,90,5.82,CA,2020-10-31 17:41:11
239,Kralendijk,12.15,-68.27,87.8,70,75,14.99,BQ,2020-10-31 17:44:02
240,Manaure,11.78,-72.44,85.26,69,78,10.0,CO,2020-10-31 17:44:02
241,Gravdal,68.12,13.5,46.47,79,15,18.66,NO,2020-10-31 17:44:02
242,Nabire,-3.37,135.48,76.39,89,85,4.16,ID,2020-10-31 17:38:27
243,Tianpeng,30.99,103.94,66.0,1,100,2.71,CN,2020-10-31 17:44:02
244,Edd,13.93,41.69,86.85,49,0,18.32,ER,2020-10-31 17:44:02
245,Rio Branco,-9.97,-67.81,69.8,100,75,3.36,BR,2020-10-31 17:44:02
246,Ossora,59.24,163.07,34.84,89,100,5.01,RU,2020-10-31 17:38:15
247,Little Current,45.98,-81.92,41.0,65,42,21.92,CA,2020-10-31 17:44:02
248,Izhma,65.01,53.91,33.93,90,99,9.66,RU,2020-10-31 17:44:03
249,Husavik,66.04,-17.34,41.0,73,0,12.75,IS,2020-10-31 17:44:03
250,Yulara,-25.24,130.99,68.0,24,57,5.82,AU,2020-10-31 17:44:03
251,Shadrinsk,56.09,63.63,34.72,88,99,7.38,RU,2020-10-31 17:44:03
252,Mareeba,-17.0,145.43,71.6,94,1,1.95,AU,2020-10-31 17:44:03
253,Guanica,17.97,-66.91,89.01,64,95,8.01,PR,2020-10-31 17:44:03
254,Waingapu,-9.66,120.26,80.31,72,99,1.19,ID,2020-10-31 17:38:19
255,Tsiroanomandidy,-18.77,46.03,74.41,65,76,2.04,MG,2020-10-31 17:38:16
256,Santa Catarina De Tepehuanes,25.35,-105.73,74.19,29,3,1.88,MX,2020-10-31 17:44:03
257,Romans-Sur-Isere,45.05,5.06,60.8,77,0,8.05,FR,2020-10-31 17:38:31
258,Codrington,-38.27,141.97,46.69,89,16,2.93,AU,2020-10-31 17:44:03
259,Ahipara,-35.17,173.17,62.4,95,38,4.29,NZ,2020-10-31 17:38:11
260,Pringsewu,-5.36,104.97,74.12,94,100,4.45,ID,2020-10-31 17:44:03
261,Chokurdakh,70.63,147.92,-3.53,93,97,7.83,RU,2020-10-31 17:37:06
262,Sistranda,63.73,8.83,48.2,66,75,23.04,NO,2020-10-31 17:38:22
263,Payo,-3.75,103.64,73.89,96,100,1.45,ID,2020-10-31 17:38:20
264,Portland,45.52,-122.68,44.01,81,20,5.82,US,2020-10-31 17:32:58
265,Faanui,-16.48,-151.75,78.64,75,34,20.58,PF,2020-10-31 17:34:01
266,Nioro,13.35,-15.75,88.79,36,100,3.8,GM,2020-10-31 17:44:04
267,Victor Harbor,-35.57,138.62,55.99,78,5,1.01,AU,2020-10-31 17:38:25
268,Preobrazheniye,42.9,133.91,51.69,84,77,11.74,RU,2020-10-31 17:44:04
269,Luderitz,-26.65,15.16,68.65,42,32,25.41,NA,2020-10-31 17:33:12
270,Udachnyy,66.42,112.4,3.2,84,0,2.24,RU,2020-10-31 17:38:31
271,Asosa,10.07,34.53,62.49,92,74,4.34,ET,2020-10-31 17:44:04
272,Razdolnaya,45.38,39.56,62.6,72,20,8.95,RU,2020-10-31 17:44:04
273,Toccoa,34.58,-83.33,59.0,51,1,8.05,US,2020-10-31 17:44:04
274,Skjervoy,70.03,20.97,43.5,69,98,12.91,NO,2020-10-31 17:44:04
275,Elat,29.56,34.95,84.2,48,0,11.41,IL,2020-10-31 17:42:11
276,Kaitangata,-46.28,169.85,46.99,78,2,3.0,NZ,2020-10-31 17:37:43
277,Iqaluit,63.75,-68.51,21.2,79,90,3.36,CA,2020-10-31 17:38:03
278,Margate,51.38,1.39,54.0,81,62,5.99,GB,2020-10-31 17:44:04
279,Severo-Kurilsk,50.68,156.12,42.39,73,100,25.52,RU,2020-10-31 17:33:38
280,Fortuna,40.6,-124.16,50.0,81,1,4.45,US,2020-10-31 17:38:03
281,Poso,-1.4,120.75,82.0,71,84,4.07,ID,2020-10-31 17:44:05
282,Salalah,17.02,54.09,78.8,31,0,4.7,OM,2020-10-31 17:33:55
283,Marystown,47.17,-55.15,37.99,100,98,8.01,CA,2020-10-31 17:44:05
284,Garowe,8.41,48.48,78.49,60,0,16.98,SO,2020-10-31 17:44:05
285,Roma,43.21,-75.46,42.01,60,90,3.87,US,2020-10-31 17:42:06
286,Auki,-8.77,160.7,78.04,85,31,4.27,SB,2020-10-31 17:36:54
287,Quatre Cocos,-20.21,57.76,69.8,73,40,6.93,MU,2020-10-31 17:37:58
288,Akyab,20.15,92.9,79.54,84,100,5.61,MM,2020-10-31 17:44:05
289,Ardahan,41.11,42.7,50.49,48,96,3.71,TR,2020-10-31 17:44:05
290,Dunedin,-45.87,170.5,50.0,76,0,7.38,NZ,2020-10-31 17:37:32
291,Vao,-22.67,167.48,73.22,81,83,14.83,NC,2020-10-31 17:38:14
292,Cabedelo,-6.98,-34.83,86.0,66,40,13.87,BR,2020-10-31 17:38:02
293,Hobyo,5.35,48.53,82.0,75,99,11.14,SO,2020-10-31 17:36:52
294,Boa Vista,2.82,-60.67,91.4,49,75,5.82,BR,2020-10-31 17:37:57
295,Ulladulla,-35.35,150.47,60.8,100,90,14.99,AU,2020-10-31 17:44:06
296,Tessalit,20.2,1.01,84.78,14,34,8.32,ML,2020-10-31 17:44:06
297,Flin Flon,54.77,-101.86,17.6,78,90,18.34,CA,2020-10-31 17:44:06
298,Tautira,-17.73,-149.15,80.6,65,20,4.7,PF,2020-10-31 17:38:18
299,Poum,-20.23,164.02,77.2,81,58,23.09,NC,2020-10-31 17:37:58
300,Jieshi,22.81,115.83,69.31,75,15,14.9,CN,2020-10-31 17:38:16
301,Tsabong,-26.02,22.4,75.51,48,96,10.38,BW,2020-10-31 17:38:00
302,Huainan,32.63,117.0,61.09,70,79,3.4,CN,2020-10-31 17:41:42
303,Hoa Binh,20.81,105.34,71.6,94,78,4.7,VN,2020-10-31 17:44:06
304,Pamfila,39.16,26.52,64.4,59,0,6.93,GR,2020-10-31 17:44:06
305,Soyo,-6.13,12.37,78.48,84,48,11.12,AO,2020-10-31 17:44:06
306,Rudnaya Pristan,44.36,135.81,44.96,83,86,5.17,RU,2020-10-31 17:44:06
307,Longyearbyen,78.22,15.64,21.2,79,75,3.49,SJ,2020-10-31 17:34:26
308,Kutum,14.2,24.67,78.93,22,3,10.07,SD,2020-10-31 17:34:28
309,Rawson,-43.3,-65.1,75.49,22,0,11.72,AR,2020-10-31 17:38:10
310,Kaduna,10.52,7.44,80.29,28,32,6.4,NG,2020-10-31 17:44:07
311,Plettenberg Bay,-34.05,23.37,60.6,78,9,11.32,ZA,2020-10-31 17:44:07
312,Talnakh,69.49,88.4,19.4,92,90,35.79,RU,2020-10-31 17:37:18
313,Chicama,-7.84,-79.15,62.6,82,90,8.05,PE,2020-10-31 17:44:07
314,Phulpur,25.55,82.1,73.47,26,42,4.81,IN,2020-10-31 17:43:35
315,Half Moon Bay,37.46,-122.43,66.99,82,5,3.44,US,2020-10-31 17:43:29
316,Malakal,9.53,31.66,79.9,62,18,4.34,SS,2020-10-31 17:44:07
317,Homer,59.64,-151.55,25.0,44,1,3.36,US,2020-10-31 17:43:30
318,Havelock,34.88,-76.9,64.99,51,1,11.41,US,2020-10-31 17:44:07
319,Amahai,-3.33,128.92,82.0,84,75,3.0,ID,2020-10-31 17:44:07
320,Ust-Nera,64.57,143.2,-4.25,81,100,2.26,RU,2020-10-31 17:44:07
321,Hanmer Springs,-42.52,172.82,44.8,77,31,5.99,NZ,2020-10-31 17:44:07
322,Kavieng,-2.57,150.8,83.08,75,77,10.29,PG,2020-10-31 17:38:13
323,Pokrovsk,48.28,37.18,54.93,92,99,8.84,UA,2020-10-31 17:44:07
324,Maragogi,-9.01,-35.22,81.57,73,96,11.23,BR,2020-10-31 17:38:12
325,Nortelandia,-14.45,-56.8,88.2,48,80,7.02,BR,2020-10-31 17:44:07
326,Pangai,-19.8,-174.35,76.69,82,32,22.57,TO,2020-10-31 17:44:08
327,North Platte,41.12,-100.77,62.6,29,1,19.46,US,2020-10-31 17:44:08
328,Fort Wellington,6.4,-57.6,87.85,63,27,11.07,GY,2020-10-31 17:44:08
329,Mumbwa,-14.98,27.06,77.59,21,4,7.29,ZM,2020-10-31 17:44:08
330,Aklavik,68.22,-135.01,-4.0,83,75,3.36,CA,2020-10-31 17:38:15
331,Saint Anthony,45.02,-93.22,54.0,57,1,20.8,US,2020-10-31 17:38:19
332,Ust-Barguzin,53.45,108.98,28.58,90,99,3.53,RU,2020-10-31 17:44:08
333,Desna,50.93,30.76,48.99,100,100,8.95,UA,2020-10-31 17:44:08
334,Zolotukhino,52.08,36.38,44.6,93,90,13.42,RU,2020-10-31 17:44:08
335,Makakilo City,21.35,-158.09,71.6,88,20,4.7,US,2020-10-31 17:44:08
336,Beringovskiy,63.05,179.32,19.15,93,97,11.41,RU,2020-10-31 17:44:08
337,Vila Velha,-20.33,-40.29,73.4,83,75,5.82,BR,2020-10-31 17:35:59
338,Annaka,36.32,138.9,46.99,71,33,1.01,JP,2020-10-31 17:40:11
339,Herat,34.5,62.0,46.4,10,0,3.36,AF,2020-10-31 17:44:08
340,Nemuro,43.32,145.57,47.46,69,59,7.49,JP,2020-10-31 17:44:08
341,Diamantino,-14.41,-56.45,88.47,48,86,6.58,BR,2020-10-31 17:37:02
342,Havoysund,71.0,24.66,39.2,78,100,13.87,NO,2020-10-31 17:44:08
343,Sawakin,19.11,37.33,86.23,65,8,5.39,SD,2020-10-31 17:38:07
344,Banyo,6.75,11.82,70.77,71,26,4.32,CM,2020-10-31 17:44:09
345,Ous,60.91,61.52,34.47,97,100,5.88,RU,2020-10-31 17:44:09
346,Real,14.66,121.6,80.6,78,75,3.36,PH,2020-10-31 17:44:09
347,Bambanglipuro,-7.95,110.28,76.69,86,63,4.47,ID,2020-10-31 17:38:04
348,Bronnoysund,65.46,12.2,44.6,70,0,6.93,NO,2020-10-31 17:44:09
349,Ayutla,20.12,-104.33,80.13,46,0,2.17,MX,2020-10-31 17:44:09
350,Kintinku,-5.88,35.23,77.0,44,75,23.04,TZ,2020-10-31 17:44:09
351,Sakakah,29.97,40.21,78.8,11,0,4.7,SA,2020-10-31 17:37:56
352,Narasannapeta,18.42,84.05,76.19,72,59,4.7,IN,2020-10-31 17:44:09
353,Verkhnyaya Inta,65.98,60.31,32.18,98,100,18.92,RU,2020-10-31 17:44:09
354,Salym,60.06,71.48,34.27,93,99,8.34,RU,2020-10-31 17:38:12
355,Praya,14.92,-23.51,82.4,65,75,21.92,CV,2020-10-31 17:43:50
356,Qaqortoq,60.72,-46.03,28.4,68,40,3.36,GL,2020-10-31 17:44:09
357,Shingu,33.73,135.98,57.87,67,33,6.78,JP,2020-10-31 17:38:04
358,Atbasar,51.8,68.33,37.33,72,26,5.28,KZ,2020-10-31 17:44:09
359,Itarema,-2.92,-39.92,86.13,60,97,17.96,BR,2020-10-31 17:44:09
360,Xai-Xai,-25.05,33.64,72.79,80,31,12.59,MZ,2020-10-31 17:44:10
361,Galesong,-5.32,119.37,80.78,75,69,6.55,ID,2020-10-31 17:44:10
362,Keflavik,64.0,-22.56,41.0,86,75,9.17,IS,2020-10-31 17:44:10
363,Gurupa,-1.41,-51.64,97.61,30,49,6.26,BR,2020-10-31 17:44:10
364,Guba,10.31,123.27,74.32,87,100,5.73,PH,2020-10-31 17:44:10
365,Matara,5.95,80.54,77.92,85,35,5.95,LK,2020-10-31 17:34:12
366,San Ignacio,17.16,-89.07,82.0,88,90,4.23,BZ,2020-10-31 17:39:59
367,Knysna,-34.04,23.05,59.0,72,20,8.05,ZA,2020-10-31 17:44:10
368,Camacha,33.08,-16.33,73.4,73,20,6.93,PT,2020-10-31 17:44:10
369,Maoming,21.65,110.9,70.23,88,69,3.76,CN,2020-10-31 17:44:10
370,Vikulovo,56.82,70.61,34.27,90,97,10.36,RU,2020-10-31 17:44:10
371,Bilibino,68.05,166.44,-1.23,84,29,2.48,RU,2020-10-31 17:36:48
372,Windham,41.83,-72.0,42.01,60,1,2.33,US,2020-10-31 17:44:10
373,Hithadhoo,-0.6,73.08,83.8,71,96,7.94,MV,2020-10-31 17:38:02
374,Bathsheba,13.22,-59.52,84.2,79,40,20.8,BB,2020-10-31 17:33:22
375,Gualaquiza,-3.4,-78.55,83.66,44,85,5.06,EC,2020-10-31 17:44:11
376,Harwich,51.94,1.28,54.0,72,74,11.01,GB,2020-10-31 17:44:11
377,Lata,40.16,-8.33,64.99,83,58,1.54,PT,2020-10-31 17:36:20
378,Kismayo,-0.36,42.55,80.31,79,3,11.99,SO,2020-10-31 17:44:11
379,Itaituba,-4.28,-55.98,102.92,25,18,3.78,BR,2020-10-31 17:44:11
380,Mukdahan,16.58,104.5,72.68,85,0,10.65,TH,2020-10-31 17:44:11
381,Posse,-14.09,-46.37,70.43,90,100,5.91,BR,2020-10-31 17:44:11
382,Tommot,58.96,126.29,-3.17,90,96,2.21,RU,2020-10-31 17:44:11
383,Russellville,35.28,-93.13,60.01,58,1,4.7,US,2020-10-31 17:44:11
384,Cascais,38.7,-9.42,68.0,77,20,8.05,PT,2020-10-31 17:44:11
385,Menongue,-14.66,17.69,71.06,56,81,3.98,AO,2020-10-31 17:44:11
386,Shahjahanpur,27.88,79.92,71.11,28,0,3.13,IN,2020-10-31 17:44:11
387,Coahuayana,18.73,-103.68,80.6,74,40,4.07,MX,2020-10-31 17:44:11
388,Huilong,31.81,121.66,64.0,88,74,1.01,CN,2020-10-31 17:44:11
389,Sao Joao Da Barra,-21.64,-41.05,73.4,78,90,25.28,BR,2020-10-31 17:38:11
390,Faya,18.39,42.45,66.2,77,0,3.36,SA,2020-10-31 17:34:11
391,Tabas,33.6,56.92,66.2,19,0,4.7,IR,2020-10-31 17:44:12
392,Porto Novo,6.5,2.6,84.2,79,40,12.75,BJ,2020-10-31 17:44:12
393,Chivilcoy,-34.9,-60.02,72.0,35,0,5.01,AR,2020-10-31 17:44:12
394,Piedras Negras,28.7,-100.52,72.0,60,5,9.17,MX,2020-10-31 17:44:12
395,Klaksvik,62.23,-6.59,51.8,100,100,23.04,FO,2020-10-31 17:38:10
396,Aksarka,66.56,67.8,27.21,96,16,13.76,RU,2020-10-31 17:44:12
397,Iisalmi,63.56,27.19,32.0,90,90,9.17,FI,2020-10-31 17:44:12
398,Ballina,-28.87,153.57,62.6,77,0,5.82,AU,2020-10-31 17:44:12
399,Petropavlovsk-Kamchatskiy,53.05,158.65,41.0,60,40,15.66,RU,2020-10-31 17:44:12
400,Aykhal,66.0,111.5,3.2,84,0,2.24,RU,2020-10-31 17:38:24
401,Saint-Augustin,51.23,-58.65,33.39,73,1,14.09,CA,2020-10-31 17:44:12
402,Mvuma,-19.28,30.53,70.48,43,0,13.51,ZW,2020-10-31 17:44:12
403,Adrar,20.5,-10.07,89.38,12,98,8.7,MR,2020-10-31 17:33:56
404,Trincomalee,8.57,81.23,81.28,72,88,4.68,LK,2020-10-31 17:44:13
405,Dzaoudzi,-12.79,45.27,77.0,83,0,8.05,YT,2020-10-31 17:44:13
406,Biloela,-24.42,150.5,65.32,92,0,0.89,AU,2020-10-31 17:39:40
407,Ukiah,39.15,-123.21,72.0,50,1,2.1,US,2020-10-31 17:44:13
408,Mount Darwin,-16.77,31.58,76.26,43,19,11.45,ZW,2020-10-31 17:44:13
409,Vestmannaeyjar,63.44,-20.27,44.6,70,40,13.87,IS,2020-10-31 17:37:57
410,Westport,41.14,-73.36,46.99,45,1,3.6,US,2020-10-31 17:38:28
411,Kieta,-6.22,155.63,78.58,79,81,1.77,PG,2020-10-31 17:38:32
412,America Dourada,-11.46,-41.44,85.78,44,88,6.62,BR,2020-10-31 17:44:13
413,Niceville,30.52,-86.48,73.0,53,1,5.82,US,2020-10-31 17:41:49
414,Lesnyye Polyany,55.97,37.87,45.0,81,90,11.18,RU,2020-10-31 17:44:13
415,Calama,-22.47,-68.93,69.8,13,0,18.34,CL,2020-10-31 17:44:13
416,Manokwari,-0.87,134.08,80.33,75,97,4.68,ID,2020-10-31 17:44:13
417,Manhattan,40.78,-73.97,46.99,48,1,5.82,US,2020-10-31 17:42:15
418,Nambucca Heads,-30.65,153.0,59.0,87,12,4.52,AU,2020-10-31 17:44:14
419,Caraquet,47.79,-64.94,33.8,50,4,12.75,CA,2020-10-31 17:43:45
420,Clifton,40.86,-74.16,46.99,52,1,3.94,US,2020-10-31 17:44:14
421,Sungairaya,0.7,108.9,79.83,81,100,3.58,ID,2020-10-31 17:38:06
422,Khuzdar,27.74,66.64,57.87,29,0,2.53,PK,2020-10-31 17:44:14
423,Tura,25.52,90.22,71.91,96,100,2.3,IN,2020-10-31 17:38:19
424,Deputatskiy,69.3,139.9,-8.66,91,95,4.9,RU,2020-10-31 17:36:53
425,Saldanha,-33.01,17.94,73.4,35,0,19.46,ZA,2020-10-31 17:38:24
426,Tevaitoa,-16.78,-151.5,79.39,73,4,21.23,PF,2020-10-31 17:44:14
427,Lavrentiya,65.58,-171.0,19.65,92,39,7.81,RU,2020-10-31 17:34:25
428,Visnes,59.36,5.22,54.0,71,97,29.97,NO,2020-10-31 17:44:14
429,Treviglio,45.52,9.59,55.4,87,91,2.24,IT,2020-10-31 17:44:14
430,La Ronge,55.1,-105.28,19.4,79,99,8.05,CA,2020-10-31 17:44:14
431,Mus,39.0,41.75,47.03,47,97,2.33,TR,2020-10-31 17:44:14
432,Viransehir,37.24,39.76,66.61,23,98,6.93,TR,2020-10-31 17:44:14
433,Lufilufi,-13.87,-171.6,73.4,100,75,12.26,WS,2020-10-31 17:35:54
434,Nador,35.17,-2.93,68.0,77,20,4.7,MA,2020-10-31 17:44:14
435,Yacuiba,-22.04,-63.68,80.96,27,13,8.95,BO,2020-10-31 17:44:14
436,Gorin,51.2,136.67,34.74,89,100,4.5,RU,2020-10-31 17:40:13
437,Tombouctou,20.0,-3.0,88.74,12,100,3.33,ML,2020-10-31 17:44:15
438,Axim,4.87,-2.24,79.54,83,58,5.77,GH,2020-10-31 17:44:15
439,San Policarpo,12.18,125.51,81.46,80,100,18.21,PH,2020-10-31 17:37:19
440,Masaguisi,12.75,121.45,77.72,83,100,12.01,PH,2020-10-31 17:44:15
441,Caparrapi,5.35,-74.49,75.78,81,72,2.95,CO,2020-10-31 17:44:15
442,Yaring,6.87,101.37,79.0,81,86,2.46,TH,2020-10-31 17:44:15
443,Saint-Joseph,-21.37,55.62,68.0,64,0,5.82,RE,2020-10-31 17:37:20
444,Madingou,-4.15,13.55,79.48,79,69,1.57,CG,2020-10-31 17:44:15
445,Abha,18.22,42.51,66.2,77,0,3.36,SA,2020-10-31 17:42:19
446,Pailitas,8.96,-73.63,84.4,74,66,3.15,CO,2020-10-31 17:44:15
447,Mao,39.89,4.27,62.6,82,0,4.7,ES,2020-10-31 17:44:15
448,Mastung,29.8,66.84,45.37,42,0,1.36,PK,2020-10-31 17:44:09
449,Abu Samrah,35.3,37.18,70.9,42,94,6.44,SY,2020-10-31 17:44:15
450,Ereymentau,51.62,73.1,32.2,87,0,7.29,KZ,2020-10-31 17:44:15
451,Lashio,22.93,97.75,65.1,99,78,1.52,MM,2020-10-31 17:37:59
452,Santa Isabel Do Rio Negro,-0.41,-65.02,93.61,50,97,2.35,BR,2020-10-31 17:44:16
453,Chandler,33.31,-111.84,75.99,24,75,5.82,US,2020-10-31 17:44:16
454,Ivnya,51.06,36.13,46.4,100,90,8.95,RU,2020-10-31 17:44:16
455,Pimenta Bueno,-11.67,-61.19,86.59,49,80,2.68,BR,2020-10-31 17:39:25
456,Sumy,50.92,34.8,49.78,90,100,11.92,UA,2020-10-31 17:44:16
457,Hervey Bay,-25.3,152.85,75.99,82,3,4.0,AU,2020-10-31 17:40:45
458,Volovo,48.52,23.51,30.0,97,48,4.05,UA,2020-10-31 17:44:16
459,Sevierville,35.87,-83.56,57.99,62,1,2.15,US,2020-10-31 17:41:21
460,Richards Bay,-28.78,32.04,66.34,85,100,7.96,ZA,2020-10-31 17:38:30
461,Toamasina,-18.17,49.38,68.0,94,75,4.7,MG,2020-10-31 17:44:16
462,Agadir,30.42,-9.6,80.6,21,0,18.34,MA,2020-10-31 17:40:14
463,Maniitsoq,65.42,-52.9,20.95,86,85,5.17,GL,2020-10-31 17:34:18
464,Depok,-6.4,106.82,81.0,94,40,2.24,ID,2020-10-31 17:44:16
465,Christchurch,-43.53,172.63,52.0,93,91,2.24,NZ,2020-10-31 17:40:27
466,Cassilandia,-19.11,-51.73,86.2,44,55,9.48,BR,2020-10-31 17:44:16
467,San Pedro,14.35,121.02,80.6,78,75,3.36,PH,2020-10-31 17:43:44
468,Sao Jose Da Coroa Grande,-8.9,-35.15,81.79,72,93,11.05,BR,2020-10-31 17:44:17
469,Teya,60.38,92.63,11.43,90,53,5.03,RU,2020-10-31 17:38:02
470,Gigmoto,13.78,124.39,79.88,89,100,57.62,PH,2020-10-31 17:44:17
471,Mkushi,-13.62,29.39,73.9,34,35,8.75,ZM,2020-10-31 17:44:17
472,Bitung,1.45,125.18,77.0,94,20,10.65,ID,2020-10-31 17:44:17
473,Kyabe,9.45,18.94,83.82,49,32,3.56,TD,2020-10-31 17:44:17
474,Kyenjojo,0.63,30.62,62.49,98,89,2.71,UG,2020-10-31 17:44:17
475,Sri Aman,1.24,111.46,77.0,94,91,1.12,MY,2020-10-31 17:38:27
476,Ust-Kuyga,70.02,135.6,-2.36,91,100,5.26,RU,2020-10-31 17:44:17
477,Naze,28.37,129.48,68.0,77,13,5.82,JP,2020-10-31 17:38:23
478,Ponta Delgada,37.73,-25.67,69.8,94,75,19.46,PT,2020-10-31 17:44:17
479,Bucerias,20.75,-105.33,86.0,66,5,5.82,MX,2020-10-31 17:44:17
480,Broome,42.25,-75.83,41.0,64,90,4.7,US,2020-10-31 17:41:48
481,Umea,63.83,20.26,43.0,100,90,4.7,SE,2020-10-31 17:42:15
482,Sangar,63.92,127.47,-14.06,89,24,3.13,RU,2020-10-31 17:44:17
483,Te Anau,-45.42,167.72,45.77,77,69,6.04,NZ,2020-10-31 17:38:21
484,Mahibadhoo,3.78,72.97,82.78,70,11,1.83,MV,2020-10-31 17:44:17
485,Okha,53.57,142.95,34.56,89,96,7.83,RU,2020-10-31 17:37:56
486,Ucluelet,48.93,-125.55,48.0,93,40,2.24,CA,2020-10-31 17:42:16
487,Sabang,5.89,95.32,82.36,77,100,11.34,ID,2020-10-31 17:44:18
488,Port Macquarie,-31.43,152.92,59.0,92,3,5.75,AU,2020-10-31 17:44:18
489,Hasaki,35.73,140.83,44.6,93,20,5.82,JP,2020-10-31 17:38:07
490,Krasnoselkup,65.7,82.47,35.13,98,100,20.83,RU,2020-10-31 17:44:18
491,Waipawa,-41.41,175.52,57.2,82,44,9.17,NZ,2020-10-31 17:36:41
492,Tual,-5.67,132.75,82.9,77,70,12.82,ID,2020-10-31 17:44:18
493,Suchiate,14.55,-92.22,89.6,59,5,3.36,MX,2020-10-31 17:44:18
494,Ruteng,-8.61,120.47,64.13,87,87,1.52,ID,2020-10-31 17:44:18
495,Nosy Varika,-20.58,48.53,68.85,67,55,3.02,MG,2020-10-31 17:44:18
496,Tuni,17.35,82.55,76.37,70,22,1.21,IN,2020-10-31 17:44:18
497,Turinskaya Sloboda,57.62,64.39,37.63,88,100,10.42,RU,2020-10-31 17:44:18
498,Oistins,13.07,-59.53,84.2,79,40,20.8,BB,2020-10-31 17:41:57
499,Saint-Paul,-21.01,55.27,66.2,59,0,4.7,RE,2020-10-31 17:44:18
500,Viedma,-40.81,-63.0,84.0,20,0,5.01,AR,2020-10-31 17:38:17
501,Marzuq,14.4,46.47,67.32,47,0,3.36,YE,2020-10-31 17:44:19
502,Santo Domingo,18.5,-69.99,89.6,70,75,6.93,DO,2020-10-31 17:40:48
503,Paracuru,-3.41,-39.03,82.0,74,70,21.0,BR,2020-10-31 17:42:26
504,Sitges,41.24,1.81,64.99,87,0,1.01,ES,2020-10-31 17:44:19
505,Tilichiki,60.47,166.1,25.02,98,54,7.23,RU,2020-10-31 17:40:21
506,Isla Mujeres,21.23,-86.73,82.4,83,90,10.29,MX,2020-10-31 17:44:19
507,Northam,51.03,-4.22,52.0,78,91,13.0,GB,2020-10-31 17:37:21
508,Rio Gallegos,-51.62,-69.22,60.8,44,0,14.99,AR,2020-10-31 17:34:08
509,Lagos,6.58,3.75,84.2,79,40,8.05,NG,2020-10-31 17:44:19
510,Dunbar,38.36,-81.74,57.0,50,1,6.93,US,2020-10-31 17:44:19
511,Pacific Grove,36.62,-121.92,64.99,48,1,7.76,US,2020-10-31 17:36:10
512,Mineiros,-17.57,-52.55,82.99,57,60,3.44,BR,2020-10-31 17:42:06
513,Loukhi,66.08,33.04,28.99,94,80,6.13,RU,2020-10-31 17:44:19
514,Sisimiut,66.94,-53.67,21.0,94,96,6.76,GL,2020-10-31 17:44:19
515,Brigantine,39.41,-74.36,50.0,57,1,5.82,US,2020-10-31 17:43:40
516,Tromso,69.65,18.96,41.0,75,75,27.51,NO,2020-10-31 17:40:35
517,Belaya Gora,68.53,146.42,-8.9,91,99,4.88,RU,2020-10-31 17:38:19
518,Maroantsetra,-15.43,49.73,69.6,80,96,6.53,MG,2020-10-31 17:44:19
519,Odweyne,9.41,45.06,75.33,59,52,4.94,SO,2020-10-31 17:44:19
520,Mugan,35.94,101.38,35.65,79,95,3.8,CN,2020-10-31 17:44:19
521,Huarmey,-10.07,-78.15,69.19,66,100,10.11,PE,2020-10-31 17:44:20
522,San Cristobal,7.77,-72.22,87.8,55,40,11.41,VE,2020-10-31 17:38:14
523,Roald,62.58,6.13,52.0,66,0,9.17,NO,2020-10-31 17:38:19
524,Erzin,36.96,36.2,73.0,73,39,1.01,TR,2020-10-31 17:44:20
525,Koumac,-20.57,164.28,75.07,80,56,5.66,NC,2020-10-31 17:44:20
526,Imeni Poliny Osipenko,52.42,136.49,33.06,95,100,3.65,RU,2020-10-31 17:44:20
527,Cruzeiro Do Sul,-29.51,-51.99,73.99,60,80,11.9,BR,2020-10-31 17:44:20
528,Manicore,-5.81,-61.3,94.19,45,86,2.51,BR,2020-10-31 17:44:20
529,Salisbury,51.07,-1.8,52.0,71,49,13.87,GB,2020-10-31 17:44:01
530,Blind River,46.18,-82.96,39.2,60,90,24.16,CA,2020-10-31 17:44:20
531,Biltine,14.53,20.92,85.8,21,3,10.27,TD,2020-10-31 17:44:20
532,Pimentel,-6.84,-79.93,71.6,64,75,6.93,PE,2020-10-31 17:38:30
533,Karlskrona,56.16,15.59,50.0,100,83,9.17,SE,2020-10-31 17:44:20
534,Englewood,39.65,-104.99,66.0,19,6,5.99,US,2020-10-31 17:42:39
535,Kayerkan,69.35,87.76,19.4,92,90,35.79,RU,2020-10-31 17:44:20
536,Villamontes,-21.25,-63.5,85.84,22,32,10.6,BO,2020-10-31 17:44:20
537,Truth Or Consequences,33.13,-107.25,64.99,36,1,3.36,US,2020-10-31 17:44:21
538,Kaeo,-35.1,173.78,57.0,96,47,5.01,NZ,2020-10-31 17:44:21
539,Amlame,7.47,0.9,78.12,65,80,0.31,TG,2020-10-31 17:44:21
540,Dudinka,69.41,86.18,19.4,92,90,35.79,RU,2020-10-31 17:44:21
541,Waddan,29.16,16.14,67.68,53,21,11.14,LY,2020-10-31 17:44:21
542,Wakema,16.6,95.18,75.06,94,74,4.34,MM,2020-10-31 17:44:21
543,Shache,38.42,77.24,35.47,72,0,3.42,CN,2020-10-31 17:44:21
544,Ligayan,4.65,119.47,80.94,76,100,5.68,PH,2020-10-31 17:44:21
545,Almaguer,1.92,-76.85,65.5,82,79,3.47,CO,2020-10-31 17:44:21
546,Jiuquan,39.74,98.52,33.87,70,25,2.57,CN,2020-10-31 17:34:29
547,Juneau,58.3,-134.42,42.8,87,90,24.16,US,2020-10-31 17:41:33
548,Shakhtinsk,49.71,72.59,21.2,85,0,4.47,KZ,2020-10-31 17:44:21
549,Karaman,37.08,33.25,49.42,69,82,5.44,TR,2020-10-31 17:44:21
550,Yichang,30.71,111.28,59.0,83,98,1.36,CN,2020-10-31 17:38:26
551,Aleksandrov Gay,50.15,48.57,47.62,52,64,5.53,RU,2020-10-31 17:38:19
552,Lalibela,12.03,39.03,60.49,55,65,9.19,ET,2020-10-31 17:44:22
553,Vilhena,-12.74,-60.15,82.4,54,75,10.29,BR,2020-10-31 17:42:06
554,Penzance,50.12,-5.54,51.8,71,20,13.87,GB,2020-10-31 17:44:22
555,Bongandanga,1.5,21.05,72.37,87,39,1.86,CD,2020-10-31 17:44:22
556,Peterhead,57.51,-1.8,51.8,71,90,29.97,GB,2020-10-31 17:44:22
557,Buala,-8.14,159.59,79.86,75,67,3.62,SB,2020-10-31 17:44:22
558,Lukovetskiy,64.3,41.92,26.6,100,20,2.24,RU,2020-10-31 17:44:22
559,Adrian,41.9,-84.04,48.0,52,1,16.11,US,2020-10-31 17:44:22
560,Mabaruma,8.2,-59.78,88.48,68,37,7.61,GY,2020-10-31 17:44:22
561,Asau,46.43,26.4,42.01,87,86,4.59,RO,2020-10-31 17:44:22
562,Zhengjiatun,43.51,123.51,44.24,54,32,10.85,CN,2020-10-31 17:44:22
563,Zapolyarnyy,69.42,30.81,30.2,74,74,26.4,RU,2020-10-31 17:44:22
564,Tucurui,-3.77,-49.67,98.31,31,89,3.22,BR,2020-10-31 17:44:22
565,Antalaha,-14.9,50.28,69.03,79,43,9.69,MG,2020-10-31 17:44:22
566,Wahpeton,46.27,-96.61,48.0,65,1,33.33,US,2020-10-31 17:44:23
567,Yantzaza,-3.83,-78.76,91.4,22,0,3.36,EC,2020-10-31 17:44:23
568,Irondequoit,43.21,-77.58,46.99,52,20,11.41,US,2020-10-31 17:44:23
569,Cockburn Town,21.46,-71.14,86.0,66,40,14.99,TC,2020-10-31 17:33:25
570,Berezovyy,51.67,135.7,32.11,97,100,2.98,RU,2020-10-31 17:38:29
571,Kurilsk,45.23,147.88,46.89,68,90,11.36,RU,2020-10-31 17:44:23
572,Sibolga,1.74,98.78,77.83,81,100,3.11,ID,2020-10-31 17:44:23
